,Dortmund,Essen,Duisburg,Düsseldorf,Cologne,Bonn,Bochum,Wuppertal
Dortmund,0.0,0.5647245151780754,0.25662828695583034,0.15839789499872609,0.053095051987061145,0.010935178707178979,0.8418632831607729,0.48680285621796326
Essen,0.5647245151780754,0.0,0.8445708189907557,0.6012615231047093,0.1623072773491464,0.027901440927834715,0.8902084278270083,0.722565558012185
Duisburg,0.25662828695583034,0.8445708189907557,0.0,0.7454134048081641,0.17075067189080048,0.02572398951314838,0.5684372312063192,0.5366452781788195
Düsseldorf,0.15839789499872609,0.6012615231047093,0.7454134048081641,0.0,0.5208653298685845,0.1420683841819741,0.37964148945836984,0.6779981381597757
Cologne,0.053095051987061145,0.1623072773491464,0.17075067189080048,0.5208653298685845,0.0,0.7065047742263024,0.11308514519373326,0.45944147032870153
Bonn,0.010935178707178979,0.027901440927834715,0.02572398951314838,0.1420683841819741,0.7065047742263024,0.0,0.021103030017344062,0.15465482509704012
Bochum,0.8418632831607729,0.8902084278270083,0.5684372312063192,0.37964148945836984,0.11308514519373326,0.021103030017344062,0.0,0.6969167386989107
Wuppertal,0.48680285621796326,0.722565558012185,0.5366452781788195,0.6779981381597757,0.45944147032870153,0.15465482509704012,0.6969167386989107,0.0
