Model,R²,MAE
xgb,0.28349696323116913,2.9078742247593548
rf,0.3685043208784802,2.866099694323306
gaussian,0.027795183984004934,3.2167352888345278
