Model,R²,MAE
xgb,0.14730918403076587,3.297010404586792
rf,0.02989131241440346,3.619280005134721
gaussian,0.1671094343055599,3.300249465277293
