Model,R²,MAE
xgb,0.2567996535966409,3.397022271458107
rf,0.2407946297375887,3.5118612887801692
gaussian,0.026029920237001347,3.567920350378908
