Model,R²,MAE
xgb,0.06653045556346304,3.103734532790848
rf,-0.008901751235966815,3.2775382060546283
gaussian,-0.011125069905605134,3.151191818200886
