Model,R²,MAE
xgb,-0.09087954741031656,2.2257069654102564
rf,-0.5836478661717006,2.6245042723633905
gaussian,-0.1258525896176892,2.2187580964292533
