Model,R²,MAE
xgb,0.5041367843848372,3.385656911210169
rf,0.5276835367630968,3.4927693889147076
gaussian,0.03331128718893828,4.084035540998663
