Model,R²,MAE
xgb,0.39389765480388117,3.669232581536981
rf,0.3737278538083634,3.735323212223388
gaussian,0.06595273985390504,3.869499271227017
