Model,R²,MAE
xgb,0.6267433232688904,18.306096048313606
rf,0.923980897945341,9.645603190346792
gaussian,0.04401047130782898,31.32523646949011
